k_pas_LV,k_pas_RV,k_act_LV,k_act_RV,C_SA,C_PA,R_SA,R_PA,R_atria,R_m_o,Vw_LV,Vw_RV,LvSepR,R_tPA,R_tSA,K_P,B_P
0.685137497170726,1.03742664422806,1.95575213821974,1.87578266567886,1.54018037766094,0.548805992442451,0.962720923705733,0.781028726281113,1.01024296871129,1.02261287299385,1.06745252539803,0.994290267882501,1.12419474019345,2.37259725878638,1.11118210356401,0.332726770060851,0.114014798654763
