k_pas_LV,k_pas_RV,k_act_LV,k_act_RV,C_SA,C_PA,R_SA,R_PA,R_atria,R_m_o,Vw_LV,Vw_RV,LvSepR,R_tPA,R_tSA,K_P,B_P
0.623424540630278,1.27777843206552,1.75289991159072,1.3006611705554,1.61869418055732,0.665114062869904,0.963946605852534,0.811953387168114,0.770712033387099,0.879273199977383,1.03948535761626,1.01476799934941,1.13572649299919,2.66860877350959,1.07800918811289,0.261825853531556,0.108498371439606
