k_pas,k_act,C_SA,C_PA,R_SA,R_PA,R_veins,R_m_o,Vw_LV,LvSepR,Vw_RV,Amref_LV,Amref_RV,R_tPA,R_tSA
0.506845752073989,2.76208142509353,2.00508433012702,3.06519433671365,0.859006482416026,0.803768884240484,3.7640460722016,1.52710254617137,1.33013618081403,1.06993051439813,0.792211865268094,0.97174494589572,1.05418543602676,2.52732055891859,0.816544221345835
