k_pas_LV,k_pas_RV,k_act_LV,k_act_RV,C_SA,C_PA,R_SA,R_PA,R_Veins,R_m_o,Vw_LV,LvSepR,Vw_RV,Amref_LV,Amref_RV,K1,expPeri,R_tPA,R_tSA
-0.6314552206332,-0.47591165920795,-0.198193856100262,-0.106686081987555,0.115500447200672,-0.0889870294167657,-0.00057958216073135,-0.386332570931199,0.283208373193576,-0.0137547531049646,0.16362794320749,0.0560277686692056,-0.0213221381470882,0.0498039732426387,-0.0525424521557483,0.231142094087379,-0.735338565098999,1.02379724245161,-0.0580573967469235
