k_pas,k_act_LV,k_act_RV,C_SA,C_PA,R_SA,R_PA,R_atria,R_m_o,Vw_LV,Vw_RV,Amref_RV,LvSepR,R_tPA,R_tSA,K_P,B_P
1.39904415453518,1.59079538930783,2.52366208140764,1.36197444185889,0.867756705840891,0.999913682292184,0.518269677435271,3.65145895496219,1.15731543844405,1.013035672605,0.640346463140808,0.965261754770732,1.03659216739464,6.0547144544553,1.18543714656967,0.41122925134594,0.561895833193583
