k_pas,k_act_LV,k_act_RV,C_SA,C_PA,R_SA,R_PA,R_atria,R_m_o,Vw_LV,Vw_RV,Amref_RV,LvSepR,R_tPA,R_tSA,K_P,B_P
2.60344373189507,1.91989012344949,1.35701180014973,0.997594574319745,1.87665498814315,1.15585529505406,0.700663434776,0.841222177703239,0.986421592347338,0.913789681953842,1.19313003375736,1.13938690154712,1.34464254826021,11.5291672527788,1.15500978563536,0.257890305245649,0.120913114125299
