k_pas,k_act,C_SA,C_PA,R_SA,R_PA,R_veins,R_m_o,Vw_LV,LvSepR,Vw_RV,Amref_LV,Amref_RV,R_tPA,R_tSA
0.360215816533394,3.18875179922638,1.79154084209446,3.07138746602763,0.83232489912137,0.781837593432556,2.11364309264468,1.0830555823591,1.27100069979957,1.05012129690583,0.763991555159734,0.947882620218127,1.07663647542391,1.92521593341489,0.754654236213353
