k_pas_LV,k_pas_RV,k_act_LV,k_act_RV,C_SA,C_PA,R_SA,R_PA,R_Veins,R_m_o,Vw_LV,LvSepR,Vw_RV,Amref_LV,Amref_RV,K1,expPeri,R_tPA,R_tSA
-1.08489295098132,-0.124158476190854,0.00963253750229017,-0.144608646232399,0.163031744465962,-0.0451388959123177,-0.0187347201432949,-0.216406500529042,0.173512605811477,-0.066319790309406,0.147172982245283,0.0617093710199883,0.0135294150366531,0.0745949611245258,-0.0530009224336003,0.24215541011956,-0.11108476441721,0.661005240864282,-0.175287092673786
